CREATE DATABASE  IF NOT EXISTS `airline` /*!40100 DEFAULT CHARACTER SET utf8mb4 COLLATE utf8mb4_0900_ai_ci */ /*!80016 DEFAULT ENCRYPTION='N' */;
USE `airline`;
-- MySQL dump 10.13  Distrib 8.0.33, for Win64 (x86_64)
--
-- Host: localhost    Database: airline
-- ------------------------------------------------------
-- Server version	8.0.33

/*!40101 SET @OLD_CHARACTER_SET_CLIENT=@@CHARACTER_SET_CLIENT */;
/*!40101 SET @OLD_CHARACTER_SET_RESULTS=@@CHARACTER_SET_RESULTS */;
/*!40101 SET @OLD_COLLATION_CONNECTION=@@COLLATION_CONNECTION */;
/*!50503 SET NAMES utf8 */;
/*!40103 SET @OLD_TIME_ZONE=@@TIME_ZONE */;
/*!40103 SET TIME_ZONE='+00:00' */;
/*!40014 SET @OLD_UNIQUE_CHECKS=@@UNIQUE_CHECKS, UNIQUE_CHECKS=0 */;
/*!40014 SET @OLD_FOREIGN_KEY_CHECKS=@@FOREIGN_KEY_CHECKS, FOREIGN_KEY_CHECKS=0 */;
/*!40101 SET @OLD_SQL_MODE=@@SQL_MODE, SQL_MODE='NO_AUTO_VALUE_ON_ZERO' */;
/*!40111 SET @OLD_SQL_NOTES=@@SQL_NOTES, SQL_NOTES=0 */;

--
-- Table structure for table `aircraft`
--

DROP TABLE IF EXISTS `aircraft`;
/*!40101 SET @saved_cs_client     = @@character_set_client */;
/*!50503 SET character_set_client = utf8mb4 */;
CREATE TABLE `aircraft` (
  `Id` int NOT NULL AUTO_INCREMENT,
  `manufacturer` varchar(50) NOT NULL,
  `icaoCode` varchar(5) NOT NULL,
  `model` varchar(50) NOT NULL,
  `engineClass` enum('Piston','Jet','Turboprop') NOT NULL DEFAULT 'Turboprop',
  `numEngine` int NOT NULL DEFAULT '1',
  `numSeat` int NOT NULL DEFAULT '10',
  PRIMARY KEY (`Id`)
) ENGINE=InnoDB AUTO_INCREMENT=11 DEFAULT CHARSET=utf8mb4 COLLATE=utf8mb4_0900_ai_ci;
/*!40101 SET character_set_client = @saved_cs_client */;

--
-- Dumping data for table `aircraft`
--

LOCK TABLES `aircraft` WRITE;
/*!40000 ALTER TABLE `aircraft` DISABLE KEYS */;
INSERT INTO `aircraft` VALUES (1,'Acro Sport','ACRO','Acro Sport','Piston',1,10),(2,'Adam Aircraft Industries','A500','A-500','Piston',2,20),(3,'Beechcraft','B18T','Model 18 Turboliner','Turboprop',2,40),(4,'Boeing','B743','747-300SR','Jet',4,75),(5,'Cessna','C526','CitationJet','Jet',2,50),(6,'Embraer','E170','EMB 175-E2','Jet',2,30),(7,'Globe Aircraft/TEMCO','GC1','GC-1B Globe','Piston',1,40),(8,'Israel Aircraft Industries','WW23','1123 Westwind','Jet',4,60),(9,'North American Rockwell','SBR1','Sabre 40/60','Jet',2,50),(10,'Piper','PA18','PA-18-150 Super Cub','Piston',1,30);
/*!40000 ALTER TABLE `aircraft` ENABLE KEYS */;
UNLOCK TABLES;

--
-- Table structure for table `airport`
--

DROP TABLE IF EXISTS `airport`;
/*!40101 SET @saved_cs_client     = @@character_set_client */;
/*!50503 SET character_set_client = utf8mb4 */;
CREATE TABLE `airport` (
  `faa` char(3) NOT NULL,
  `icao` char(4) NOT NULL,
  `cityServed` char(5) NOT NULL,
  PRIMARY KEY (`faa`),
  UNIQUE KEY `icao` (`icao`),
  KEY `cityServed` (`cityServed`),
  CONSTRAINT `airport_ibfk_1` FOREIGN KEY (`cityServed`) REFERENCES `citystate` (`zipCode`)
) ENGINE=InnoDB DEFAULT CHARSET=utf8mb4 COLLATE=utf8mb4_0900_ai_ci;
/*!40101 SET character_set_client = @saved_cs_client */;

--
-- Dumping data for table `airport`
--

LOCK TABLES `airport` WRITE;
/*!40000 ALTER TABLE `airport` DISABLE KEYS */;
INSERT INTO `airport` VALUES ('DAB','KDAB','32114'),('ECP','KECP','32401'),('EYW','KEYW','33041'),('FLL','KFLL','33301'),('GNV','KGNV','32601'),('JAX','KJAX','32099'),('MCO','KMCO','32801'),('MIA','KMIA','33109'),('MLB','KMLB','32904'),('PBI','KPBI','33401'),('PGD','KPGD','33950'),('PIE','KPIE','33701'),('PNS','KPNS','32501'),('RSW','KRSW','33900'),('SFB','KSFB','32771'),('SRQ','KSRQ','34231'),('TLH','KTLH','32301'),('TPA','KTPA','33602'),('VPS','KVPS','32547');
/*!40000 ALTER TABLE `airport` ENABLE KEYS */;
UNLOCK TABLES;

--
-- Table structure for table `citystate`
--

DROP TABLE IF EXISTS `citystate`;
/*!40101 SET @saved_cs_client     = @@character_set_client */;
/*!50503 SET character_set_client = utf8mb4 */;
CREATE TABLE `citystate` (
  `city` varchar(90) NOT NULL,
  `state` char(2) NOT NULL,
  `zipCode` char(5) NOT NULL,
  PRIMARY KEY (`zipCode`),
  UNIQUE KEY `zipCode` (`zipCode`)
) ENGINE=InnoDB DEFAULT CHARSET=utf8mb4 COLLATE=utf8mb4_0900_ai_ci;
/*!40101 SET character_set_client = @saved_cs_client */;

--
-- Dumping data for table `citystate`
--

LOCK TABLES `citystate` WRITE;
/*!40000 ALTER TABLE `citystate` DISABLE KEYS */;
INSERT INTO `citystate` VALUES ('Trumbull','CT','06611'),('Paterson','NJ','07501'),('Piscataway','NJ','08854'),('Ballston Spa','NY','12020'),('Havertown','PA','19083'),('Waldorf','MD','20601'),('Glenarden','MD','20706'),('Chesterfield','VA','23832'),('Abingdon','VA','24210'),('Indian Trail','NC','28079'),('Mooresville','NC','28115'),('Clover','SC','29710'),('Duluth','GA','30096'),('Jacksonville','FL','32099'),('Daytona Beach','FL','32114'),('Tallahassee','FL','32301'),('Panama City','FL','32401'),('Pensacola','FL','32501'),('Fort Walton Beach','FL','32547'),('Gainesville','FL','32601'),('Sanford','FL','32771'),('Orlando','FL','32801'),('Melbourne','FL','32904'),('Key West','FL','33041'),('Miami','FL','33109'),('Fort Lauderdale','FL','33301'),('West Palm Beach','FL','33401'),('Jupiter','FL','33458'),('Tampa','FL','33602'),('St. Petersburg','FL','33701'),('Fort Myers','FL','33900'),('Punta Gorda','FL','33950'),('Sarasota','FL','34231'),('Nashville','TN','37205'),('Memphis','TN','38117'),('Vicksburg','MS','39180'),('Willoughby','OH','44094'),('Cuyahoga Falls','OH','44223'),('Chillicothe','OH','45601'),('Noblesville','IN','46060'),('Battle Creek','MI','49016'),('Jefferson','LA','70121'),('Covington','LA','70433'),('Scottsdale','AZ','85260'),('Ontario','CA','91764'),('San Marcos','CA','92078'),('Huntington Beach','CA','92647'),('Santa Cruz','CA','95060');
/*!40000 ALTER TABLE `citystate` ENABLE KEYS */;
UNLOCK TABLES;

--
-- Table structure for table `employee`
--

DROP TABLE IF EXISTS `employee`;
/*!40101 SET @saved_cs_client     = @@character_set_client */;
/*!50503 SET character_set_client = utf8mb4 */;
CREATE TABLE `employee` (
  `ID` int NOT NULL AUTO_INCREMENT,
  `firstName` varchar(50) NOT NULL,
  `lastName` varchar(50) NOT NULL,
  `address` varchar(90) NOT NULL,
  `zipCode` char(5) NOT NULL,
  `phone` char(10) NOT NULL,
  `email` varchar(90) NOT NULL,
  PRIMARY KEY (`ID`),
  UNIQUE KEY `phone` (`phone`),
  UNIQUE KEY `email` (`email`),
  KEY `zipCode` (`zipCode`),
  CONSTRAINT `employee_ibfk_1` FOREIGN KEY (`zipCode`) REFERENCES `citystate` (`zipCode`)
) ENGINE=InnoDB AUTO_INCREMENT=41 DEFAULT CHARSET=utf8mb4 COLLATE=utf8mb4_0900_ai_ci;
/*!40101 SET character_set_client = @saved_cs_client */;

--
-- Dumping data for table `employee`
--

LOCK TABLES `employee` WRITE;
/*!40000 ALTER TABLE `employee` DISABLE KEYS */;
INSERT INTO `employee` VALUES (1,'Paris','Lindsey','763 West Mulberry St','29710','2025550132','plindsey@isp.com'),(2,'Umaiza','Melia','545 Ohio Ave','29710','2025550135','umelia@isp.com'),(3,'Nico','Prince','20 Middle River Street','44094','2025550137','nprince@isp.com'),(4,'Javan','Rennie','8112 North Country St','44094','2025550139','jrennie@isp.com'),(5,'Ali','Waters','83 Rockland Lane','44094','2025550144','awaters@isp.com'),(6,'JohnPaul','Clarke','1 Riverside Lane','44094','2025550153','jpcClarke@isp.com'),(7,'Dane','Kaiser','694 Wall Road','44094','2025550155','kdaiser@isp.com'),(8,'Hammad','Newman','9970 State Court','30096','2025550157','hnewman@isp.com'),(9,'Maha','Guthrie','54 Woodsman Drive','30096','2025550161','mguthrie@isp.com'),(10,'Tulisa','Roberts','7174 Studebaker Street','30096','2025550163','troberts@isp.com'),(11,'Raheem','Montgomery','71 Paris Hill Rd.','39180','4134849795','rmontgomery@cruise.com'),(12,'Leo','Bird','201 Eagle Dr.','12020','7747829407','lbird@cruise.com'),(13,'Oliwier','Barnett','81 Cedar Swamp St.','39180','2764343958','obarnett@cruise.com'),(14,'Fern','Garner','37 Gartner Court','12020','2256254378','fgarner@cruise.com'),(15,'Dawson','Marquez','90 Mammoth Street','45601','7634882879','dmarquez@cruise.com'),(16,'Raja','Glass','7918 Talbot Ave.','45601','2319969540','rglass@cruise.com'),(17,'Alissa','Ortiz','7756 Fulton Court','23832','2397268929','aortiz@cruise.com'),(18,'Nicholas','Pena','8123 Race Ave.','95060','7815242242','npena@cruise.com'),(19,'Harvey','West','9 Cherry Ave','23832','7326232762','hwest@cruise.com'),(20,'Aamina','Dillon','9 West Boston Lane','95060','2035745299','adillon@cruise.com'),(21,'Louis','Giles','598 North Road','28115','2708583758','lgiles@cruise.com'),(22,'Krystal','Walters','583 North Nichols Street','95060','3232591832','kwalters@cruise.com'),(23,'Alexa','Preston','9227 North Bow Ridge Street','28115','4098496634','apreston@cruise.com'),(24,'Rebekah','Morgan','9437 East 6th Street','20601','6073928343','rmorgan@cruise.com'),(25,'Ethan','Ali','167 NE. Depot Dr.','28115','2245499884','eali@cruise.com'),(26,'Malik','Vincent','312 Colonial Ave.','19083','9149573014','mvincent@cruise.com'),(27,'Sara','Barron','9064 E. Swanson St.','20601','8707743244','sbarron@cruise.com'),(28,'Lyra','Murphy','400 Nut Swamp Drive','19083','3527673126','lmurphy@cruise.com'),(29,'Awais','Carrillo','225 South Manhattan Street','28079','6369577670','acarrillo@cruise.com'),(30,'Kaya','Hodge','9572 William Lane','46060','2125271561','khodge@cruise.com'),(31,'Jemima','Miller','9290 Indian Spring Rd.','28079','6206673264','jmiller@cruise.com'),(32,'Laila','Christensen','15 Rose Avenue','07501','9017396978','lchristensen@cruise.com'),(33,'Honey','Warren','7946 Leeton Ridge Street','06611','5858531050','hwarren@cruise.com'),(34,'Brodie','Gordon','71 Jackson Ave.','46060','9016899813','bgordon@cruise.com'),(35,'Lauren','Morton','7931 Rockaway Street','28079','4476721422','lmorton@cruise.com'),(36,'Ty','Bell','921 Brook St.','07501','2393336881','tbell@cruise.com'),(37,'Floyd','Johns','2 Shore Street','06611','4065842872','fjohns@cruise.com'),(38,'Mathew','Horton','1 Rockland Ave.','46060','7195789907','mhorton@cruise.com'),(39,'Ernest','Higgins','451 Marshall Lane','06611','7637651247','ehiggins@cruise.com'),(40,'Kamil','Lozano','75 N. Golden Star Street','07501','7638554744','klozano@cruise.com');
/*!40000 ALTER TABLE `employee` ENABLE KEYS */;
UNLOCK TABLES;

--
-- Table structure for table `employeeposition`
--

DROP TABLE IF EXISTS `employeeposition`;
/*!40101 SET @saved_cs_client     = @@character_set_client */;
/*!50503 SET character_set_client = utf8mb4 */;
CREATE TABLE `employeeposition` (
  `employeeId` int NOT NULL,
  `positionId` int NOT NULL,
  PRIMARY KEY (`employeeId`,`positionId`),
  UNIQUE KEY `employeeId` (`employeeId`),
  KEY `positionId` (`positionId`),
  CONSTRAINT `employeeposition_ibfk_1` FOREIGN KEY (`employeeId`) REFERENCES `employee` (`ID`),
  CONSTRAINT `employeeposition_ibfk_2` FOREIGN KEY (`positionId`) REFERENCES `position` (`ID`)
) ENGINE=InnoDB DEFAULT CHARSET=utf8mb4 COLLATE=utf8mb4_0900_ai_ci;
/*!40101 SET character_set_client = @saved_cs_client */;

--
-- Dumping data for table `employeeposition`
--

LOCK TABLES `employeeposition` WRITE;
/*!40000 ALTER TABLE `employeeposition` DISABLE KEYS */;
INSERT INTO `employeeposition` VALUES (1,1),(2,2),(3,3),(4,6),(5,7),(6,11),(7,14),(8,15),(9,15),(10,16),(11,8),(12,2),(13,12),(14,2),(15,13),(16,17),(17,6),(18,4),(19,6),(20,9),(21,17),(22,10),(23,17),(24,3),(25,17),(26,3),(27,15),(28,3),(29,15),(30,5),(31,15),(32,3),(33,8),(34,1),(35,8),(36,3),(37,11),(38,1),(39,14),(40,6);
/*!40000 ALTER TABLE `employeeposition` ENABLE KEYS */;
UNLOCK TABLES;

--
-- Table structure for table `passenger`
--

DROP TABLE IF EXISTS `passenger`;
/*!40101 SET @saved_cs_client     = @@character_set_client */;
/*!50503 SET character_set_client = utf8mb4 */;
CREATE TABLE `passenger` (
  `ID` int NOT NULL AUTO_INCREMENT,
  `firstName` varchar(50) NOT NULL,
  `lastName` varchar(50) NOT NULL,
  `address` varchar(90) NOT NULL,
  `zipCode` char(5) NOT NULL,
  `phone` char(10) NOT NULL,
  `email` varchar(90) NOT NULL,
  PRIMARY KEY (`ID`),
  UNIQUE KEY `phone` (`phone`),
  UNIQUE KEY `email` (`email`),
  KEY `zipCode` (`zipCode`),
  CONSTRAINT `passenger_ibfk_1` FOREIGN KEY (`zipCode`) REFERENCES `citystate` (`zipCode`)
) ENGINE=InnoDB AUTO_INCREMENT=36 DEFAULT CHARSET=utf8mb4 COLLATE=utf8mb4_0900_ai_ci;
/*!40101 SET character_set_client = @saved_cs_client */;

--
-- Dumping data for table `passenger`
--

LOCK TABLES `passenger` WRITE;
/*!40000 ALTER TABLE `passenger` DISABLE KEYS */;
INSERT INTO `passenger` VALUES (1,'Igor','Prince','12 Creekside St','92647','2025550199','iprince@isp.com'),(2,'Dante','Rennie','137 Wall St','38117','2225550112','drennie@isp.com'),(3,'Thomas','Waters','411 Shirley St','24210','2225550115','twaters@isp.com'),(4,'Avaya','Clarke','7771 Border Court','92078','2225550119','aclarke@isp.com'),(5,'Haniya','Kaiser','6 South Sulphur Springs Street','70121','2225550121','hkaiser@isp.com'),(6,'Victor','Newman','942 New Saddle Drive','70433','2225550122','vnewman@isp.com'),(7,'Douglas','Guthrie','9 Wrangler Ave','91764','2225550124','dguthrie@isp.com'),(8,'Brian','Roberts','7319 S. Greenview Drive','44223','2225550125','broberts@isp.com'),(9,'Paris','Solis','763 West Mulberry St','49016','2025550132','psolis@isp.com'),(10,'Umaiza','Heath','545 Ohio Ave','85260','2025550135','uheath@isp.com'),(11,'Yvonne','Goodman','12 Creekside St','37205','2025550109','ygoodman@isp.com'),(12,'Dante','Mackenzie','137 Wall St','37205','2025550112','dmackenzie@isp.com'),(13,'Alysha','Rollins','411 Shirley St','37205','2025550115','arollins@isp.com'),(14,'Avaya','Gonzalez','7771 Border Court','37205','2025550119','agonzalez@isp.com'),(15,'Haniya','Kelly','6 South Sulphur Springs Street','37205','2025550121','hkelly@isp.com'),(16,'Nathalie','Chambers','942 New Saddle Drive','29710','2025550122','nchambers@isp.com'),(17,'Dante','Rollins','9 Wrangler Ave','29710','2025550124','drollins@isp.com'),(18,'Beverley','Mckee','7319 S. Greenview Drive','29710','2025550125','bmckee@isp.com'),(19,'Robin','Solis','8474 Wentworth Street','30096','2025550164','rsolis@isp.com'),(20,'Kavita','Heath','796 Hartford St','30096','2025550165','kheath@isp.com'),(21,'Meera','White','484 Bridge St','08854','2025550166','mwhite@isp.com'),(22,'Bradlee','Esparza','7031 Gainsway St','08854','2025550173','besparza@isp.com'),(23,'Leilani','Leonard','37 Monroe Street','08854','2025550175','lleonard@isp.com'),(24,'Stefanie','Brook','7990 West Surrey St','08854','2025550179','sbrook@isp.com'),(25,'Grover','Squires','7618 Madison Court','08854','2025550180','gsquires@isp.com'),(26,'Jonathan','Kumar','25 Annadale Court','33458','2025550182','jkumar@isp.com'),(27,'Angus','Neville','9841 Smith Drive','33458','2025550187','aneville@isp.com'),(28,'Uzair','Sparrow','7999 Hall Street','33458','2025550188','usparrow@isp.com'),(29,'Amari','Currie','8411 Pleasant St','33458','2025550194','acurrie@isp.com'),(30,'Imaani','Wallace','33 Pierce Rd','33458','2025550195','iwallace@isp.com'),(31,'Efe','House','97 High Point Street','20706','2025550196','ehouse@isp.com'),(32,'Atticus','Atkinson','66 Harrison Dr','20706','2025550197','aatkinson@isp.com'),(33,'Michelle','Ramirez','370 Hill Field Ave','20706','2025550198','mramirez@isp.com'),(34,'Remy','Hassan','249 Devon Lane','20706','2225550199','rhassan@isp.com'),(35,'Jordana','Beck','7911 Carson Lane','20706','2025550200','jbeck@isp.com');
/*!40000 ALTER TABLE `passenger` ENABLE KEYS */;
UNLOCK TABLES;

--
-- Table structure for table `position`
--

DROP TABLE IF EXISTS `position`;
/*!40101 SET @saved_cs_client     = @@character_set_client */;
/*!50503 SET character_set_client = utf8mb4 */;
CREATE TABLE `position` (
  `ID` int NOT NULL AUTO_INCREMENT,
  `description` varchar(50) NOT NULL,
  `hourly` decimal(5,2) NOT NULL DEFAULT '11.00',
  PRIMARY KEY (`ID`),
  UNIQUE KEY `description` (`description`)
) ENGINE=InnoDB AUTO_INCREMENT=18 DEFAULT CHARSET=utf8mb4 COLLATE=utf8mb4_0900_ai_ci;
/*!40101 SET character_set_client = @saved_cs_client */;

--
-- Dumping data for table `position`
--

LOCK TABLES `position` WRITE;
/*!40000 ALTER TABLE `position` DISABLE KEYS */;
INSERT INTO `position` VALUES (1,'Pilot',58.00),(2,'Co-pilot',40.00),(3,'Flight Attendant',48.00),(4,'Cabin Attendant',38.00),(5,'Aeronautical Engineer',42.00),(6,'Aircraft Mechanic',33.00),(7,'Airport Police',20.00),(8,'Security',14.00),(9,'Airport Planner',46.00),(10,'Airfield Operations Specialists',22.00),(11,'Airline Ticket Agent',13.00),(12,'Reservation Service Agent',15.00),(13,'Passenger Service Agent',11.00),(14,'Meteorologist',37.00),(15,'Baggage Handler',13.00),(16,'Administrative Jobs',17.00),(17,'Cleaning Jobs',13.00);
/*!40000 ALTER TABLE `position` ENABLE KEYS */;
UNLOCK TABLES;
/*!40103 SET TIME_ZONE=@OLD_TIME_ZONE */;

/*!40101 SET SQL_MODE=@OLD_SQL_MODE */;
/*!40014 SET FOREIGN_KEY_CHECKS=@OLD_FOREIGN_KEY_CHECKS */;
/*!40014 SET UNIQUE_CHECKS=@OLD_UNIQUE_CHECKS */;
/*!40101 SET CHARACTER_SET_CLIENT=@OLD_CHARACTER_SET_CLIENT */;
/*!40101 SET CHARACTER_SET_RESULTS=@OLD_CHARACTER_SET_RESULTS */;
/*!40101 SET COLLATION_CONNECTION=@OLD_COLLATION_CONNECTION */;
/*!40111 SET SQL_NOTES=@OLD_SQL_NOTES */;

-- Dump completed on 2023-10-05 14:09:29
